image_idx,psnr,ssim,lpips
0,22.587738037109375,0.9211435914039612,0.27073368430137634
1,19.804258346557617,0.8691231608390808,0.35730069875717163
2,17.398521423339844,0.8446250557899475,0.2996867299079895
3,17.05354118347168,0.8359320759773254,0.3767581582069397
4,18.22930145263672,0.8538294434547424,0.3740242123603821
5,20.594236373901367,0.9035453796386719,0.2716436982154846
6,19.917652130126953,0.911677896976471,0.24229907989501953
7,22.886276245117188,0.9139842987060547,0.3929169774055481
8,26.975887298583984,0.9580455422401428,0.15429472923278809
9,21.56332778930664,0.9232272505760193,0.23202365636825562
10,19.82661247253418,0.9156667590141296,0.1953883022069931
11,14.727523803710938,0.6300876140594482,0.4612846374511719
12,13.900598526000977,0.6528342366218567,0.43908390402793884
13,14.028007507324219,0.6907876133918762,0.42232614755630493
14,15.246480941772461,0.7037580609321594,0.44608843326568604
15,16.101789474487305,0.6623592376708984,0.44750136137008667
16,19.35346031188965,0.7540555000305176,0.42137598991394043
17,20.302705764770508,0.8391270637512207,0.35297197103500366
18,19.134584426879883,0.8018681406974792,0.40625032782554626
19,18.811668395996094,0.849855899810791,0.359108567237854
20,17.815107345581055,0.8218360543251038,0.36793598532676697
21,18.105867385864258,0.8418403267860413,0.3617781698703766
22,15.379746437072754,0.7661756873130798,0.3425367474555969
23,15.536138534545898,0.75699782371521,0.3414512872695923
24,17.54155731201172,0.8262740969657898,0.34537822008132935
25,21.488622665405273,0.8942897915840149,0.2761455476284027
26,18.71639060974121,0.8423333168029785,0.3444727957248688
27,19.50648307800293,0.8798084259033203,0.36069726943969727
28,14.592330932617188,0.7710272669792175,0.41533035039901733
29,14.202024459838867,0.7832155227661133,0.3682849407196045
30,16.409143447875977,0.8370800018310547,0.33407363295555115
31,19.162939071655273,0.8725736737251282,0.33185404539108276
32,22.9445743560791,0.923954963684082,0.22668783366680145
33,16.73685646057129,0.758786678314209,0.3284943401813507
34,17.954641342163086,0.7831985950469971,0.31977856159210205
35,19.962127685546875,0.8409411311149597,0.29719096422195435
36,16.731908798217773,0.774912416934967,0.3191097378730774
37,16.840967178344727,0.7922685742378235,0.31560614705085754
38,15.454505920410156,0.7184839844703674,0.3918958902359009
39,14.25435733795166,0.6701410412788391,0.4044254720211029
40,15.423816680908203,0.7475840449333191,0.37170037627220154
41,17.41329002380371,0.7511982321739197,0.42449408769607544
42,21.684083938598633,0.771977424621582,0.387238085269928
43,16.620502471923828,0.7147793173789978,0.4326082468032837
44,22.714933395385742,0.9189627766609192,0.29523831605911255
45,19.590543746948242,0.8932091593742371,0.32883235812187195
46,17.575725555419922,0.8509976267814636,0.34696030616760254
47,16.76885414123535,0.8246834874153137,0.37111493945121765
48,18.142459869384766,0.8752414584159851,0.3323644995689392
49,16.423669815063477,0.8066183924674988,0.3248209059238434
50,16.13998794555664,0.7842676043510437,0.34246939420700073
51,18.693214416503906,0.8600576519966125,0.3163084387779236
52,22.405227661132812,0.9066129326820374,0.2666469216346741
53,19.410017013549805,0.8667020201683044,0.301044225692749
54,16.41455078125,0.6973783373832703,0.44789764285087585
55,14.493896484375,0.7170997262001038,0.41157492995262146
56,14.158090591430664,0.7330277562141418,0.3920181393623352
57,16.2578067779541,0.8050300478935242,0.3798988461494446
58,15.381675720214844,0.6431964039802551,0.4628058075904846
59,20.746726989746094,0.7888593077659607,0.41270750761032104
60,15.296652793884277,0.6811921000480652,0.4616568088531494
61,20.93773078918457,0.7854250073432922,0.399566650390625
62,16.424955368041992,0.7246005535125732,0.42726895213127136
63,16.778671264648438,0.748738706111908,0.4058429002761841
64,17.193634033203125,0.7953436374664307,0.380175918340683
65,15.186595916748047,0.74117511510849,0.3520991802215576
66,14.92795467376709,0.7162141799926758,0.36337903141975403
67,16.77930450439453,0.7737820148468018,0.38226768374443054
68,20.992122650146484,0.8344971537590027,0.3191373944282532
69,19.690357208251953,0.8029613494873047,0.34492987394332886
70,16.764083862304688,0.799146831035614,0.3717568814754486
71,19.988203048706055,0.8512713313102722,0.384741872549057
72,14.15992259979248,0.7657251954078674,0.41237667202949524
73,14.952987670898438,0.7789406776428223,0.42148423194885254
74,16.895423889160156,0.8084962964057922,0.4180598855018616
75,20.096656799316406,0.8733053207397461,0.3484900891780853
76,16.881488800048828,0.8225409984588623,0.3716920018196106
77,17.448572158813477,0.7472125887870789,0.4365858733654022
78,21.847503662109375,0.8539724349975586,0.37589219212532043
79,19.151809692382812,0.8128966689109802,0.4143211841583252
80,17.32919692993164,0.8246760964393616,0.38441532850265503
81,15.775443077087402,0.6442544460296631,0.4126271605491638
82,14.385287284851074,0.6469881534576416,0.4184790253639221
83,15.08724594116211,0.7209132313728333,0.38717135787010193
84,16.667688369750977,0.7141682505607605,0.4648890495300293
85,17.50559425354004,0.6515634059906006,0.44329699873924255
86,17.270771026611328,0.6858270168304443,0.44209200143814087
87,18.42229461669922,0.7823729515075684,0.40455949306488037
88,22.599079132080078,0.8283422589302063,0.392816424369812
89,19.89093780517578,0.8020607829093933,0.3946109414100647
90,16.301719665527344,0.788120687007904,0.3878866136074066
91,16.154399871826172,0.7770788073539734,0.39086002111434937
92,15.097989082336426,0.7184180617332458,0.3692106306552887
93,15.19055461883545,0.7072746157646179,0.36947351694107056
94,16.95218276977539,0.729193389415741,0.39667215943336487
95,19.109514236450195,0.7377615571022034,0.40704166889190674
96,17.212919235229492,0.6812184453010559,0.42539381980895996
97,16.245590209960938,0.7924726009368896,0.34378811717033386
98,17.268125534057617,0.7284415364265442,0.43803656101226807
99,14.364150047302246,0.7498872876167297,0.4030011296272278
100,16.162246704101562,0.8031172156333923,0.38624298572540283
101,17.969335556030273,0.7393504977226257,0.4542633295059204
102,20.615140914916992,0.7953843474388123,0.452740341424942
103,15.804675102233887,0.6728217601776123,0.48368191719055176
104,18.66743278503418,0.7142457365989685,0.4297322630882263
105,17.953081130981445,0.7278096079826355,0.44597238302230835
106,16.589244842529297,0.6834166646003723,0.476298451423645
107,17.138072967529297,0.7438778877258301,0.4148808717727661
108,14.994434356689453,0.6829875111579895,0.3840632736682892
109,14.207867622375488,0.6444036960601807,0.3916524648666382
110,15.57504653930664,0.7192625403404236,0.3705299496650696
111,18.21973419189453,0.7350960373878479,0.4146116375923157
112,18.061452865600586,0.6385098099708557,0.43209248781204224
113,16.659292221069336,0.7089774012565613,0.43152981996536255
114,19.334169387817383,0.7564838528633118,0.44173142313957214
115,17.079374313354492,0.7243884205818176,0.45475834608078003
116,15.336844444274902,0.7317740321159363,0.4454592764377594
117,14.522747993469238,0.6711149215698242,0.47441422939300537
118,15.484367370605469,0.6940423846244812,0.48009222745895386
119,15.579689025878906,0.7311975359916687,0.39024993777275085
120,15.337246894836426,0.6438171863555908,0.4381537437438965
121,16.37151527404785,0.6947609782218933,0.40911221504211426
122,19.218626022338867,0.7519838809967041,0.412717342376709
123,16.9467830657959,0.6978540420532227,0.4027104377746582
124,16.15991973876953,0.7841458320617676,0.3691485524177551
125,16.11335563659668,0.6292979121208191,0.4497218728065491
126,14.58108901977539,0.7033047676086426,0.3964787721633911
127,16.707822799682617,0.7632481455802917,0.4088854193687439
128,14.835463523864746,0.5649736523628235,0.48001736402511597
129,17.65659523010254,0.6785304546356201,0.4695315957069397
130,17.164287567138672,0.7066763043403625,0.4460584223270416
131,17.977100372314453,0.6750397682189941,0.43037325143814087
132,15.586987495422363,0.680762529373169,0.47257623076438904
133,18.018293380737305,0.7542847990989685,0.4029335379600525
134,16.91053009033203,0.740168035030365,0.4154126048088074
135,14.51021671295166,0.641708254814148,0.41496264934539795
136,14.335525512695312,0.6266692280769348,0.41766366362571716
137,15.365286827087402,0.6312944293022156,0.45541733503341675
138,16.901201248168945,0.6401019096374512,0.4623412787914276
139,14.174247741699219,0.5450447201728821,0.4966649115085602
140,16.01479721069336,0.714237630367279,0.40382060408592224
141,15.986422538757324,0.6424594521522522,0.4802359938621521
142,13.903546333312988,0.5877642035484314,0.5092489719390869
143,14.605461120605469,0.7170095443725586,0.429381787776947
144,16.941484451293945,0.6753146052360535,0.47146913409233093
145,18.035982131958008,0.7050290107727051,0.4633942246437073
146,16.56991958618164,0.7151297926902771,0.4353637397289276
147,16.261341094970703,0.6331849694252014,0.45426225662231445
148,16.82878875732422,0.6721780896186829,0.4454224109649658
149,17.521148681640625,0.6938190460205078,0.4664701819419861
150,16.98397445678711,0.7380309700965881,0.42700085043907166
151,16.386537551879883,0.7660630345344543,0.4173435568809509
152,15.358596801757812,0.622887372970581,0.4218329191207886
153,15.177660942077637,0.688117504119873,0.39755600690841675
154,17.128122329711914,0.6868948340415955,0.501697838306427
155,14.295555114746094,0.4881020486354828,0.5255508422851562
156,16.324142456054688,0.6426851749420166,0.4954909384250641
157,16.311614990234375,0.6693924069404602,0.4664212167263031
158,17.431222915649414,0.6702584624290466,0.4612616002559662
159,16.52387046813965,0.6720368266105652,0.4475570321083069
160,16.17361068725586,0.6930444836616516,0.44279468059539795
161,15.44863224029541,0.6635507941246033,0.4645874500274658
162,14.973148345947266,0.6446879506111145,0.4267928898334503
163,14.694822311401367,0.587460994720459,0.43328484892845154
164,14.579590797424316,0.6045770049095154,0.4732217490673065
165,15.325901985168457,0.5817033052444458,0.49343863129615784
166,13.65241813659668,0.5284423828125,0.5227029323577881
167,15.925774574279785,0.7286339402198792,0.4090332090854645
168,15.72035026550293,0.5989364981651306,0.49943119287490845
169,14.564602851867676,0.625267744064331,0.43176859617233276
170,15.000441551208496,0.7029882073402405,0.4210239052772522
171,13.529029846191406,0.508629560470581,0.5322818756103516
172,14.033276557922363,0.5384728312492371,0.5157804489135742
173,16.26799774169922,0.6562986969947815,0.5034371614456177
174,16.43368148803711,0.6245152950286865,0.4752647578716278
175,15.586775779724121,0.6475972533226013,0.47784602642059326
176,17.308902740478516,0.6773379445075989,0.4396340250968933
177,17.042125701904297,0.7172544598579407,0.43143096566200256
178,16.834562301635742,0.7565720677375793,0.41540712118148804
179,14.783286094665527,0.5999597907066345,0.42696964740753174
180,15.022197723388672,0.6123027205467224,0.43487614393234253
181,16.53711700439453,0.6238824725151062,0.49960455298423767
182,13.165576934814453,0.4738697111606598,0.5329947471618652
183,16.080366134643555,0.6553537249565125,0.4945056736469269
184,15.384669303894043,0.5929775238037109,0.5087456107139587
185,14.964720726013184,0.5635319352149963,0.5263528823852539
186,15.570412635803223,0.6852506995201111,0.4605918526649475
187,16.383546829223633,0.6913415789604187,0.47536495327949524
188,16.51903533935547,0.6373611688613892,0.49997180700302124
189,15.431000709533691,0.6516922116279602,0.4405829906463623
190,14.88364028930664,0.5422481894493103,0.5010234713554382
191,14.54504680633545,0.5907498002052307,0.45694875717163086
192,16.831954956054688,0.6303000450134277,0.4666815996170044
193,16.354713439941406,0.6475959420204163,0.440111368894577
194,15.992979049682617,0.7223188877105713,0.4358528256416321
195,15.179941177368164,0.5567057728767395,0.4601309895515442
196,14.002249717712402,0.5691452622413635,0.4361658990383148
197,14.800867080688477,0.6578715443611145,0.4282029867172241
198,14.20969295501709,0.46421098709106445,0.5262674689292908
199,16.29924201965332,0.6133524179458618,0.5042337775230408
200,16.26513671875,0.6373829245567322,0.4922829866409302
201,16.198280334472656,0.5919682383537292,0.49644288420677185
202,14.356476783752441,0.604647696018219,0.5462911128997803
203,16.913795471191406,0.6669288277626038,0.45505383610725403
204,16.123998641967773,0.64546138048172,0.47165191173553467
205,15.849815368652344,0.660911500453949,0.4633283019065857
206,14.26108455657959,0.5540488362312317,0.47662144899368286
207,14.184679985046387,0.5436338782310486,0.5678430795669556
208,12.786685943603516,0.4418102204799652,0.5753870010375977
209,12.429200172424316,0.4286128282546997,0.5668489336967468
210,15.57351016998291,0.6655848026275635,0.4641488790512085
211,15.80628776550293,0.5577397346496582,0.5272295475006104
212,14.327057838439941,0.5315478444099426,0.5193514823913574
213,15.429803848266602,0.687569797039032,0.44944992661476135
214,16.83927345275879,0.6993678212165833,0.47579148411750793
215,14.495424270629883,0.49711787700653076,0.5527763366699219
216,15.527525901794434,0.6274137496948242,0.48724400997161865
217,15.164796829223633,0.5385237336158752,0.4942002594470978
218,15.29284954071045,0.5952228903770447,0.4861125648021698
219,16.555065155029297,0.6263169646263123,0.5208475589752197
220,16.569602966308594,0.6733871102333069,0.4467836618423462
221,16.092113494873047,0.7179233431816101,0.4401648938655853
222,15.117164611816406,0.543319582939148,0.4458443820476532
223,14.177602767944336,0.5269677639007568,0.45311975479125977
224,15.306425094604492,0.6145138144493103,0.4445823132991791
225,10.759961128234863,0.302818238735199,0.6138868927955627
226,15.179086685180664,0.575688362121582,0.578529417514801
227,15.53034496307373,0.5627131462097168,0.5239782333374023
228,14.922844886779785,0.5232676863670349,0.552311360836029
229,15.86681842803955,0.623473584651947,0.47700443863868713
230,16.489717483520508,0.6355589032173157,0.5024340748786926
231,15.97251033782959,0.5894706845283508,0.523100733757019
232,14.907129287719727,0.5724248290061951,0.5652258992195129
233,14.668423652648926,0.5818132758140564,0.46571972966194153
234,13.937134742736816,0.5375601649284363,0.4986322224140167
235,15.03486442565918,0.5262352228164673,0.5291902422904968
236,14.031618118286133,0.4996684789657593,0.5388880372047424
237,15.42387580871582,0.6673819422721863,0.4733182191848755
238,15.105250358581543,0.5160701274871826,0.5286782383918762
239,14.171147346496582,0.5287933945655823,0.4563593864440918
240,14.99493408203125,0.6388595104217529,0.45904409885406494
241,16.626672744750977,0.6773584485054016,0.49427688121795654
242,12.401580810546875,0.39321646094322205,0.5579743981361389
243,15.778108596801758,0.601182222366333,0.5211814641952515
244,13.756446838378906,0.4943241775035858,0.557514488697052
245,13.850125312805176,0.5663358569145203,0.5340067148208618
246,16.55106544494629,0.6214627623558044,0.47743740677833557
247,16.227787017822266,0.6266451478004456,0.48062625527381897
248,15.836714744567871,0.662220299243927,0.48179981112480164
249,14.707149505615234,0.5311709046363831,0.47345468401908875
250,13.833803176879883,0.4898208677768707,0.4787885546684265
251,14.31687068939209,0.5320133566856384,0.5240390300750732
252,11.83012866973877,0.36632052063941956,0.5852334499359131
253,16.049297332763672,0.6324020624160767,0.5159925818443298
254,15.317720413208008,0.5006789565086365,0.535724401473999
255,14.233701705932617,0.460681676864624,0.5817936062812805
256,15.658812522888184,0.636258065700531,0.49805787205696106
257,16.77138328552246,0.6423993706703186,0.5171011090278625
258,15.643153190612793,0.514044463634491,0.5552183389663696
259,14.298138618469238,0.514579176902771,0.5602302551269531
260,14.827888488769531,0.5739941596984863,0.49881675839424133
261,11.61861801147461,0.42672204971313477,0.5636051297187805
262,16.438312530517578,0.5738393664360046,0.530472993850708
263,16.055200576782227,0.6027490496635437,0.4826955199241638
264,15.703727722167969,0.6736380457878113,0.4816542863845825
265,14.679505348205566,0.48646965622901917,0.48726189136505127
266,14.008089065551758,0.4925791323184967,0.4683757722377777
267,15.191133499145508,0.6067222952842712,0.46270230412483215
268,16.088775634765625,0.5751450657844543,0.5727787613868713
269,13.079153060913086,0.35358926653862,0.5926029682159424
270,16.39487648010254,0.5727787613868713,0.5294914841651917
271,14.581440925598145,0.4822825491428375,0.5753321051597595
272,14.785811424255371,0.5699054598808289,0.5802640318870544
273,16.224163055419922,0.5906818509101868,0.5112366676330566
274,16.021860122680664,0.5699875354766846,0.5319828391075134
275,15.175477981567383,0.5684852600097656,0.5744101405143738
276,14.198291778564453,0.5247867107391357,0.49319398403167725
277,13.937433242797852,0.47111591696739197,0.4990467131137848
278,13.211549758911133,0.48799291253089905,0.5769751667976379
279,12.328346252441406,0.38969185948371887,0.6079933643341064
280,15.162220001220703,0.6326777935028076,0.49719610810279846
281,15.654023170471191,0.5145271420478821,0.55435711145401
282,14.166736602783203,0.4859243929386139,0.5048496723175049
283,15.216327667236328,0.6353825926780701,0.47280198335647583
284,16.357336044311523,0.6394669413566589,0.5269904136657715
285,12.583911895751953,0.3845604360103607,0.5995122194290161
286,14.772120475769043,0.518062174320221,0.5422296524047852
287,15.032867431640625,0.556542694568634,0.5539096593856812
288,14.70178508758545,0.5431106686592102,0.525705873966217
289,15.980081558227539,0.5654547214508057,0.5428043007850647
290,16.148365020751953,0.6037828922271729,0.4960140585899353
291,15.583307266235352,0.6467100977897644,0.49652525782585144
292,14.908653259277344,0.4896254539489746,0.4657565951347351
293,13.977071762084961,0.4585077464580536,0.48176810145378113
294,14.801220893859863,0.5520601868629456,0.4856916666030884
295,15.927064895629883,0.525874674320221,0.5464587807655334
296,11.557807922363281,0.31240415573120117,0.6041030287742615
297,14.36451530456543,0.4579060971736908,0.5746830701828003
298,13.738936424255371,0.41600683331489563,0.5979778170585632
299,15.33143424987793,0.5934610962867737,0.5131081342697144
300,16.440643310546875,0.6073567271232605,0.5383363962173462
301,15.658040046691895,0.5181286334991455,0.5517261624336243
302,14.022148132324219,0.4969794452190399,0.5956692695617676
303,14.377313613891602,0.544808566570282,0.5030543804168701
304,14.048759460449219,0.44645190238952637,0.5803806781768799
305,13.114668846130371,0.4753337800502777,0.5315021276473999
306,14.954358100891113,0.528031051158905,0.5264965891838074
307,15.15873908996582,0.6426774859428406,0.5123394131660461
308,14.441947937011719,0.4644952714443207,0.5423162579536438
309,13.919313430786133,0.4667302668094635,0.46801382303237915
310,15.224749565124512,0.6087771058082581,0.48015326261520386
311,16.164247512817383,0.615298330783844,0.5465807318687439
312,11.788374900817871,0.3040695786476135,0.5911685228347778
313,15.390652656555176,0.5214221477508545,0.5249426364898682
314,15.599413871765137,0.5467413663864136,0.5404512882232666
315,13.780922889709473,0.5267237424850464,0.5873978734016418
316,15.993680953979492,0.5681314468383789,0.5145095586776733
317,15.962093353271484,0.571688175201416,0.5281380414962769
318,15.435128211975098,0.5959255695343018,0.5333170890808105
319,14.564554214477539,0.5035927295684814,0.4845779836177826
320,13.573687553405762,0.4383695125579834,0.4891160726547241
321,13.690287590026855,0.49634408950805664,0.5965562462806702
322,14.989785194396973,0.4954257309436798,0.5529471039772034
323,10.806697845458984,0.2951085567474365,0.6197888851165771
324,16.042896270751953,0.5050907731056213,0.537090003490448
325,14.364104270935059,0.4435286521911621,0.5862542390823364
326,15.59178352355957,0.6190133690834045,0.5213063359260559
327,16.515832901000977,0.613491952419281,0.5522187948226929
328,14.55395221710205,0.43503904342651367,0.6006806492805481
329,12.354290008544922,0.4200794994831085,0.6089538335800171
330,14.5103178024292,0.5229465961456299,0.5481939315795898
331,12.753689765930176,0.37346386909484863,0.5876156687736511
332,15.25428581237793,0.5232496857643127,0.5292807817459106
333,15.669711112976074,0.5564575791358948,0.5087041854858398
334,15.288466453552246,0.6260153651237488,0.512060284614563
335,14.670015335083008,0.4647207260131836,0.4822799563407898
336,14.000531196594238,0.44252195954322815,0.48501697182655334
337,15.249581336975098,0.5795779228210449,0.47625428438186646
338,15.270837783813477,0.5208103060722351,0.608673095703125
339,12.372644424438477,0.3044414520263672,0.613827109336853
340,13.326411247253418,0.4731195867061615,0.6240251660346985
341,16.068260192871094,0.5165414214134216,0.5370212197303772
342,14.890101432800293,0.5645752549171448,0.563018262386322
343,15.689207077026367,0.5615066885948181,0.5487754344940186
344,15.610590934753418,0.5212706923484802,0.5530213713645935
345,14.969991683959961,0.5356346964836121,0.6180447340011597
346,14.253443717956543,0.5119957327842712,0.4892004728317261
347,14.198359489440918,0.4469551742076874,0.5516563057899475
348,11.863204956054688,0.4232925474643707,0.5904520750045776
349,15.069559097290039,0.46514061093330383,0.5396401882171631
350,13.66514778137207,0.4235721826553345,0.6059649586677551
351,14.49170207977295,0.4627034664154053,0.5714155435562134
352,14.042887687683105,0.4563627541065216,0.49966171383857727
353,15.2305326461792,0.619786262512207,0.4783971905708313
354,16.213272094726562,0.6183182597160339,0.5393602252006531
355,11.744379043579102,0.32531264424324036,0.5982669591903687
356,14.236812591552734,0.482252836227417,0.5488757491111755
357,14.696523666381836,0.5012882351875305,0.573967456817627
358,13.004793167114258,0.3537975549697876,0.6030145883560181
359,12.711970329284668,0.4445153772830963,0.5871705412864685
360,15.771988868713379,0.54132479429245,0.5383936166763306
361,15.025169372558594,0.5773873329162598,0.5389805436134338
362,14.798521995544434,0.46807441115379333,0.47717171907424927
363,13.554542541503906,0.4014549255371094,0.5085808038711548
364,14.491451263427734,0.5318527221679688,0.5330207943916321
365,13.98001766204834,0.4386116564273834,0.5833061933517456
366,9.027684211730957,0.1942608803510666,0.6784736514091492
367,16.083681106567383,0.5858848690986633,0.578486979007721
368,11.061455726623535,0.3340299427509308,0.6146821975708008
369,15.510180473327637,0.5963392853736877,0.5396696329116821
370,16.42333984375,0.5897312164306641,0.5461052656173706
371,15.518315315246582,0.4861258566379547,0.5689284801483154
372,12.481941223144531,0.4289940893650055,0.6073763370513916
373,14.241567611694336,0.5128745436668396,0.5599899888038635
374,13.441222190856934,0.3957383930683136,0.6095789670944214
375,11.59401798248291,0.38517165184020996,0.6123639941215515
376,14.360698699951172,0.4706825911998749,0.598573625087738
377,15.462198257446289,0.5383591055870056,0.5451543927192688
378,14.296428680419922,0.44068965315818787,0.5331069231033325
379,13.850646018981934,0.4165162742137909,0.4780089855194092
380,15.410049438476562,0.5741016864776611,0.4962724447250366
381,16.014955520629883,0.5627983212471008,0.5865108966827393
382,10.231605529785156,0.21567493677139282,0.6394764184951782
383,11.94516658782959,0.4031756818294525,0.6196367740631104
384,14.4676513671875,0.4664081335067749,0.5615946054458618
385,11.879639625549316,0.3297140300273895,0.6331817507743835
386,14.294697761535645,0.5266973972320557,0.5921684503555298
387,15.769059181213379,0.5201581120491028,0.5624369978904724
388,15.596039772033691,0.5839018225669861,0.5981413722038269
389,14.387358665466309,0.4939752519130707,0.4970645606517792
390,13.738873481750488,0.42328426241874695,0.5129384398460388
391,13.465710639953613,0.4747261106967926,0.5792227387428284
392,9.634204864501953,0.2666113078594208,0.6466009020805359
393,11.881957054138184,0.34345734119415283,0.6261323094367981
394,15.37415599822998,0.6146010756492615,0.5119392275810242
395,13.59115982055664,0.439687043428421,0.5760061740875244
396,15.468607902526855,0.5930716395378113,0.5326563715934753
397,15.925073623657227,0.5776880383491516,0.560987114906311
398,13.485061645507812,0.3800516426563263,0.6260590553283691
399,12.600813865661621,0.4294508695602417,0.5940306782722473
400,14.378149032592773,0.49182069301605225,0.578876793384552
401,12.117277145385742,0.32902929186820984,0.6105331778526306
402,11.642020225524902,0.3539397716522217,0.634382963180542
403,15.062517166137695,0.48359549045562744,0.6032549738883972
404,15.34981632232666,0.4968756139278412,0.5267974734306335
405,14.452375411987305,0.4422108232975006,0.479047954082489
406,13.44918155670166,0.37980809807777405,0.5088831186294556
407,14.876205444335938,0.5564963221549988,0.4874717593193054
408,14.036116600036621,0.4843747615814209,0.6201866865158081
409,12.437589645385742,0.29983463883399963,0.6047041416168213
410,14.864278793334961,0.5221099257469177,0.5971058011054993
411,15.071128845214844,0.46697068214416504,0.5245658159255981
412,12.443233489990234,0.35258543491363525,0.587011992931366
413,15.111305236816406,0.5820968151092529,0.5401567816734314
414,15.180037498474121,0.46988630294799805,0.5438368916511536
415,14.238845825195312,0.5001605153083801,0.6086050868034363
416,14.007238388061523,0.4848949611186981,0.5209313035011292
417,14.369670867919922,0.4258219301700592,0.6018935441970825
418,13.198814392089844,0.4316938817501068,0.5944042801856995
419,12.386168479919434,0.3670141398906708,0.628950834274292
420,14.87848949432373,0.4876316785812378,0.5819258689880371
421,14.576533317565918,0.574558436870575,0.5613600611686707
422,14.128939628601074,0.43779847025871277,0.5597305297851562
423,15.4575834274292,0.5787703990936279,0.5099180340766907
424,16.660690307617188,0.6089097857475281,0.5673640370368958
425,11.18337631225586,0.2749535143375397,0.6046434044837952
426,15.735445022583008,0.5649691224098206,0.5222647786140442
427,13.83063793182373,0.45246830582618713,0.5624235272407532
428,11.933568954467773,0.2975839674472809,0.6281094551086426
429,13.017059326171875,0.45167866349220276,0.5982458591461182
430,15.755032539367676,0.5329357981681824,0.5442607402801514
431,15.795454978942871,0.5035277605056763,0.5577414035797119
432,14.414472579956055,0.4476156234741211,0.4996383786201477
433,13.335744857788086,0.3743487298488617,0.5102342367172241
434,14.55338191986084,0.5226125717163086,0.5628756880760193
435,15.542384147644043,0.5303182601928711,0.5576160550117493
436,11.373943328857422,0.3071335256099701,0.6406882405281067
437,16.478727340698242,0.6185374855995178,0.5790446996688843
438,15.083209037780762,0.46673378348350525,0.5292865037918091
439,14.444059371948242,0.42467212677001953,0.5889415144920349
440,15.184406280517578,0.5647483468055725,0.5522898435592651
441,15.041177749633789,0.4466090202331543,0.5936885476112366
442,13.2061767578125,0.448782354593277,0.6059284806251526
443,14.500988960266113,0.5023165345191956,0.5799376964569092
444,13.618203163146973,0.367962121963501,0.6053546071052551
445,11.550891876220703,0.36789050698280334,0.6262007355690002
446,13.894235610961914,0.4125894606113434,0.646553635597229
447,15.432557106018066,0.4911634624004364,0.535835325717926
448,15.02405834197998,0.57819002866745,0.5468345880508423
449,14.488306045532227,0.44394317269325256,0.49095240235328674
450,14.886539459228516,0.5372970700263977,0.4891746938228607
451,15.717134475708008,0.5405567288398743,0.6093834042549133
452,13.368441581726074,0.3107113540172577,0.5887839794158936
453,14.673491477966309,0.5066837072372437,0.611467182636261
454,14.70537281036377,0.4670361280441284,0.5268423557281494
455,14.43968391418457,0.425140380859375,0.5197703838348389
456,14.608098030090332,0.5407955050468445,0.5862385034561157
457,14.938578605651855,0.504123866558075,0.5325518846511841
458,15.178235054016113,0.4442777931690216,0.5543549656867981
459,13.806382179260254,0.45419904589653015,0.5097447633743286
460,14.320405006408691,0.4306093156337738,0.5531583428382874
461,14.372197151184082,0.4803825914859772,0.6016407608985901
462,13.925628662109375,0.4293374717235565,0.5662041306495667
463,13.867142677307129,0.42303308844566345,0.6133771538734436
464,14.709280014038086,0.5676366686820984,0.544163703918457
465,14.030644416809082,0.4269537925720215,0.6012360453605652
466,14.446405410766602,0.4301956593990326,0.5478442311286926
467,15.1636323928833,0.5528435111045837,0.5440084338188171
468,13.061909675598145,0.33994975686073303,0.629302978515625
469,11.603846549987793,0.40300989151000977,0.6162469387054443
470,14.278371810913086,0.47760990262031555,0.5641323924064636
471,14.29360294342041,0.39111971855163574,0.5372183918952942
472,15.055681228637695,0.5280558466911316,0.5443699359893799
473,16.14796257019043,0.5175420045852661,0.570766806602478
474,15.100616455078125,0.43989816308021545,0.5416170358657837
475,14.528263092041016,0.527268648147583,0.5658559799194336
476,14.285724639892578,0.42023444175720215,0.48088598251342773
477,15.049120903015137,0.5569136738777161,0.5338053703308105
478,16.403305053710938,0.5663837790489197,0.584780216217041
479,13.064900398254395,0.3205431401729584,0.5965845584869385
480,16.460710525512695,0.5845791697502136,0.6444644927978516
481,9.116159439086914,0.22633694112300873,0.6638972163200378
482,14.146620750427246,0.4049715995788574,0.5772773623466492
483,15.181458473205566,0.5674145817756653,0.552189826965332
484,14.866307258605957,0.4777909219264984,0.5623393654823303
485,15.291873931884766,0.4528372585773468,0.555458128452301
486,14.188305854797363,0.4745904207229614,0.5677763223648071
487,15.020936965942383,0.4186548888683319,0.6233110427856445
488,14.111783981323242,0.47700265049934387,0.5577173233032227
489,15.416431427001953,0.4654480516910553,0.6207486391067505
490,15.636961936950684,0.503908097743988,0.577440083026886
491,14.42837905883789,0.5405892729759216,0.5974014401435852
492,14.85055160522461,0.44624435901641846,0.5258121490478516
493,13.587150573730469,0.36457517743110657,0.5023460984230042
494,15.107269287109375,0.5224613547325134,0.5365632772445679
495,14.033989906311035,0.35108616948127747,0.548077404499054
496,15.121707916259766,0.5382685661315918,0.5243678689002991
497,14.560508728027344,0.47298017144203186,0.5044572353363037
498,11.990562438964844,0.29116228222846985,0.6141641139984131
499,14.685094833374023,0.513106644153595,0.5550621151924133
500,15.48941421508789,0.5066589117050171,0.5343735218048096
501,15.023250579833984,0.40060093998908997,0.5821077227592468
502,15.654709815979004,0.54752117395401,0.5983709692955017
503,13.727344512939453,0.411201149225235,0.5249264240264893
504,15.24256420135498,0.5332000255584717,0.6261659860610962
505,10.972346305847168,0.31860122084617615,0.6266094446182251
506,14.955470085144043,0.43722298741340637,0.565345823764801
507,15.987536430358887,0.5998503565788269,0.578795313835144
508,14.758596420288086,0.464481920003891,0.5463571548461914
509,15.324380874633789,0.450737863779068,0.5951735973358154
510,14.858110427856445,0.5255749821662903,0.5659838318824768
511,14.86240005493164,0.4928857386112213,0.5546798706054688
512,15.221195220947266,0.4286379814147949,0.6145371794700623
513,14.903285026550293,0.5018782019615173,0.55795818567276
514,14.893875122070312,0.41141557693481445,0.5278144478797913
515,13.493148803710938,0.44793879985809326,0.5804360508918762
516,15.867805480957031,0.4423125684261322,0.5963937640190125
517,14.922141075134277,0.4209212362766266,0.5267557501792908
518,14.224982261657715,0.5070579051971436,0.5881249904632568
519,14.562654495239258,0.43301984667778015,0.49964576959609985
520,12.16210651397705,0.2790543735027313,0.5736400485038757
521,15.18146800994873,0.5461756587028503,0.5073012113571167
522,8.398382186889648,0.13676446676254272,0.6646671295166016
523,16.99834632873535,0.6050005555152893,0.6448198556900024
524,13.259561538696289,0.39177820086479187,0.5319849848747253
525,14.229257583618164,0.3967203199863434,0.515461266040802
526,15.56639289855957,0.5794203877449036,0.5723896026611328
527,14.151228904724121,0.44488462805747986,0.555570662021637
528,14.707697868347168,0.3894067704677582,0.54200279712677
529,15.76128101348877,0.5195016264915466,0.6023184061050415
530,13.718067169189453,0.4345496892929077,0.5318887233734131
531,15.431880950927734,0.5342197418212891,0.5472185015678406
532,13.926131248474121,0.4247871935367584,0.5588744878768921
533,15.975709915161133,0.4738655984401703,0.637894868850708
534,14.539722442626953,0.5358796715736389,0.5619440674781799
535,15.18738842010498,0.49929168820381165,0.5915648937225342
536,14.906126022338867,0.41413387656211853,0.5317601561546326
537,12.395377159118652,0.39441677927970886,0.6277700662612915
538,16.76189422607422,0.5355925559997559,0.6050805449485779
539,12.56723690032959,0.4423348605632782,0.6173589825630188
